video_id,title,views,channel_title,channel_id
vid_0,Sample Video Title 0,6188883,Channel 0,ch_0
vid_1,Sample Video Title 1,4091160,Channel 1,ch_1
vid_2,Sample Video Title 2,1098775,Channel 2,ch_2
vid_3,Sample Video Title 3,7871983,Channel 3,ch_3
vid_4,Sample Video Title 4,3263072,Channel 4,ch_4
vid_5,Sample Video Title 5,9823087,Channel 5,ch_5
vid_6,Sample Video Title 6,983107,Channel 6,ch_6
vid_7,Sample Video Title 7,194029,Channel 7,ch_7
vid_8,Sample Video Title 8,8449261,Channel 8,ch_8
vid_9,Sample Video Title 9,7072124,Channel 9,ch_9
vid_10,Sample Video Title 10,1805814,Channel 10,ch_10
vid_11,Sample Video Title 11,149665,Channel 11,ch_11
vid_12,Sample Video Title 12,9509351,Channel 12,ch_12
vid_13,Sample Video Title 13,9579575,Channel 13,ch_13
vid_14,Sample Video Title 14,5316566,Channel 14,ch_14
vid_15,Sample Video Title 15,9272667,Channel 15,ch_15
vid_16,Sample Video Title 16,8385125,Channel 16,ch_16
vid_17,Sample Video Title 17,6312890,Channel 17,ch_17
vid_18,Sample Video Title 18,7851469,Channel 18,ch_18
vid_19,Sample Video Title 19,4717377,Channel 19,ch_19
vid_20,Sample Video Title 20,9960338,Channel 20,ch_20
vid_21,Sample Video Title 21,7917023,Channel 21,ch_21
vid_22,Sample Video Title 22,8155117,Channel 22,ch_22
vid_23,Sample Video Title 23,82990,Channel 23,ch_23
vid_24,Sample Video Title 24,8266152,Channel 24,ch_24
vid_25,Sample Video Title 25,7467779,Channel 25,ch_25
vid_26,Sample Video Title 26,7451047,Channel 26,ch_26
vid_27,Sample Video Title 27,136595,Channel 27,ch_27
vid_28,Sample Video Title 28,4581063,Channel 28,ch_28
vid_29,Sample Video Title 29,4703270,Channel 29,ch_29
vid_30,Sample Video Title 30,7728999,Channel 30,ch_30
vid_31,Sample Video Title 31,5004657,Channel 31,ch_31
vid_32,Sample Video Title 32,6266192,Channel 32,ch_32
vid_33,Sample Video Title 33,9641596,Channel 33,ch_33
vid_34,Sample Video Title 34,3149913,Channel 34,ch_34
vid_35,Sample Video Title 35,2194288,Channel 35,ch_35
vid_36,Sample Video Title 36,4105835,Channel 36,ch_36
vid_37,Sample Video Title 37,6403570,Channel 37,ch_37
vid_38,Sample Video Title 38,2612986,Channel 38,ch_38
vid_39,Sample Video Title 39,7124936,Channel 39,ch_39
vid_40,Sample Video Title 40,2677524,Channel 40,ch_40
vid_41,Sample Video Title 41,3086336,Channel 41,ch_41
vid_42,Sample Video Title 42,1161198,Channel 42,ch_42
vid_43,Sample Video Title 43,182508,Channel 43,ch_43
vid_44,Sample Video Title 44,7258228,Channel 44,ch_44
vid_45,Sample Video Title 45,7727752,Channel 45,ch_45
vid_46,Sample Video Title 46,925469,Channel 46,ch_46
vid_47,Sample Video Title 47,1910863,Channel 47,ch_47
vid_48,Sample Video Title 48,554520,Channel 48,ch_48
vid_49,Sample Video Title 49,5866867,Channel 49,ch_49
vid_50,Sample Video Title 50,2147860,Channel 0,ch_0
vid_51,Sample Video Title 51,5602820,Channel 1,ch_1
vid_52,Sample Video Title 52,4184867,Channel 2,ch_2
vid_53,Sample Video Title 53,6184941,Channel 3,ch_3
vid_54,Sample Video Title 54,3851251,Channel 4,ch_4
vid_55,Sample Video Title 55,2899769,Channel 5,ch_5
vid_56,Sample Video Title 56,5913753,Channel 6,ch_6
vid_57,Sample Video Title 57,687488,Channel 7,ch_7
vid_58,Sample Video Title 58,5420683,Channel 8,ch_8
vid_59,Sample Video Title 59,2498943,Channel 9,ch_9
vid_60,Sample Video Title 60,531140,Channel 10,ch_10
vid_61,Sample Video Title 61,4595908,Channel 11,ch_11
vid_62,Sample Video Title 62,1902779,Channel 12,ch_12
vid_63,Sample Video Title 63,4855265,Channel 13,ch_13
vid_64,Sample Video Title 64,1051766,Channel 14,ch_14
vid_65,Sample Video Title 65,3333521,Channel 15,ch_15
vid_66,Sample Video Title 66,2276815,Channel 16,ch_16
vid_67,Sample Video Title 67,5962870,Channel 17,ch_17
vid_68,Sample Video Title 68,907697,Channel 18,ch_18
vid_69,Sample Video Title 69,2813687,Channel 19,ch_19
vid_70,Sample Video Title 70,8533313,Channel 20,ch_20
vid_71,Sample Video Title 71,9750298,Channel 21,ch_21
vid_72,Sample Video Title 72,179998,Channel 22,ch_22
vid_73,Sample Video Title 73,8853151,Channel 23,ch_23
vid_74,Sample Video Title 74,6382760,Channel 24,ch_24
vid_75,Sample Video Title 75,4024862,Channel 25,ch_25
vid_76,Sample Video Title 76,5715646,Channel 26,ch_26
vid_77,Sample Video Title 77,2847997,Channel 27,ch_27
vid_78,Sample Video Title 78,5706058,Channel 28,ch_28
vid_79,Sample Video Title 79,2246134,Channel 29,ch_29
vid_80,Sample Video Title 80,2495580,Channel 30,ch_30
vid_81,Sample Video Title 81,8675015,Channel 31,ch_31
vid_82,Sample Video Title 82,5166225,Channel 32,ch_32
vid_83,Sample Video Title 83,1183084,Channel 33,ch_33
vid_84,Sample Video Title 84,254823,Channel 34,ch_34
vid_85,Sample Video Title 85,3616043,Channel 35,ch_35
vid_86,Sample Video Title 86,4165239,Channel 36,ch_36
vid_87,Sample Video Title 87,7922070,Channel 37,ch_37
vid_88,Sample Video Title 88,3448109,Channel 38,ch_38
vid_89,Sample Video Title 89,9676721,Channel 39,ch_39
vid_90,Sample Video Title 90,5139994,Channel 40,ch_40
vid_91,Sample Video Title 91,1109812,Channel 41,ch_41
vid_92,Sample Video Title 92,8818206,Channel 42,ch_42
vid_93,Sample Video Title 93,1833083,Channel 43,ch_43
vid_94,Sample Video Title 94,3673953,Channel 44,ch_44
vid_95,Sample Video Title 95,6247882,Channel 45,ch_45
vid_96,Sample Video Title 96,9239173,Channel 46,ch_46
vid_97,Sample Video Title 97,5696494,Channel 47,ch_47
vid_98,Sample Video Title 98,6898147,Channel 48,ch_48
vid_99,Sample Video Title 99,8570396,Channel 49,ch_49
vid_100,Sample Video Title 100,95196,Channel 0,ch_0
vid_101,Sample Video Title 101,2419663,Channel 1,ch_1
vid_102,Sample Video Title 102,9079031,Channel 2,ch_2
vid_103,Sample Video Title 103,6545112,Channel 3,ch_3
vid_104,Sample Video Title 104,8348321,Channel 4,ch_4
vid_105,Sample Video Title 105,5297262,Channel 5,ch_5
vid_106,Sample Video Title 106,3392601,Channel 6,ch_6
vid_107,Sample Video Title 107,6164763,Channel 7,ch_7
vid_108,Sample Video Title 108,7831758,Channel 8,ch_8
vid_109,Sample Video Title 109,5455235,Channel 9,ch_9
vid_110,Sample Video Title 110,5738750,Channel 10,ch_10
vid_111,Sample Video Title 111,7951352,Channel 11,ch_11
vid_112,Sample Video Title 112,9257413,Channel 12,ch_12
vid_113,Sample Video Title 113,8402934,Channel 13,ch_13
vid_114,Sample Video Title 114,4057812,Channel 14,ch_14
vid_115,Sample Video Title 115,9608840,Channel 15,ch_15
vid_116,Sample Video Title 116,3504090,Channel 16,ch_16
vid_117,Sample Video Title 117,4130127,Channel 17,ch_17
vid_118,Sample Video Title 118,6518491,Channel 18,ch_18
vid_119,Sample Video Title 119,9295436,Channel 19,ch_19
vid_120,Sample Video Title 120,3860569,Channel 20,ch_20
vid_121,Sample Video Title 121,6917400,Channel 21,ch_21
vid_122,Sample Video Title 122,1652822,Channel 22,ch_22
vid_123,Sample Video Title 123,2496946,Channel 23,ch_23
vid_124,Sample Video Title 124,4470370,Channel 24,ch_24
vid_125,Sample Video Title 125,2950070,Channel 25,ch_25
vid_126,Sample Video Title 126,4198580,Channel 26,ch_26
vid_127,Sample Video Title 127,7894274,Channel 27,ch_27
vid_128,Sample Video Title 128,2154651,Channel 28,ch_28
vid_129,Sample Video Title 129,8261447,Channel 29,ch_29
vid_130,Sample Video Title 130,9495189,Channel 30,ch_30
vid_131,Sample Video Title 131,2064402,Channel 31,ch_31
vid_132,Sample Video Title 132,1920121,Channel 32,ch_32
vid_133,Sample Video Title 133,875530,Channel 33,ch_33
vid_134,Sample Video Title 134,7799883,Channel 34,ch_34
vid_135,Sample Video Title 135,4351402,Channel 35,ch_35
vid_136,Sample Video Title 136,5639149,Channel 36,ch_36
vid_137,Sample Video Title 137,7840418,Channel 37,ch_37
vid_138,Sample Video Title 138,4910316,Channel 38,ch_38
vid_139,Sample Video Title 139,8155184,Channel 39,ch_39
vid_140,Sample Video Title 140,9133274,Channel 40,ch_40
vid_141,Sample Video Title 141,9877844,Channel 41,ch_41
vid_142,Sample Video Title 142,3275307,Channel 42,ch_42
vid_143,Sample Video Title 143,4400470,Channel 43,ch_43
vid_144,Sample Video Title 144,2354618,Channel 44,ch_44
vid_145,Sample Video Title 145,7826290,Channel 45,ch_45
vid_146,Sample Video Title 146,661205,Channel 46,ch_46
vid_147,Sample Video Title 147,8063248,Channel 47,ch_47
vid_148,Sample Video Title 148,4060902,Channel 48,ch_48
vid_149,Sample Video Title 149,8380551,Channel 49,ch_49
vid_150,Sample Video Title 150,8235717,Channel 0,ch_0
vid_151,Sample Video Title 151,7367312,Channel 1,ch_1
vid_152,Sample Video Title 152,605691,Channel 2,ch_2
vid_153,Sample Video Title 153,7021028,Channel 3,ch_3
vid_154,Sample Video Title 154,4971768,Channel 4,ch_4
vid_155,Sample Video Title 155,1209992,Channel 5,ch_5
vid_156,Sample Video Title 156,8561845,Channel 6,ch_6
vid_157,Sample Video Title 157,2269007,Channel 7,ch_7
vid_158,Sample Video Title 158,2605704,Channel 8,ch_8
vid_159,Sample Video Title 159,5327488,Channel 9,ch_9
vid_160,Sample Video Title 160,8709963,Channel 10,ch_10
vid_161,Sample Video Title 161,3493206,Channel 11,ch_11
vid_162,Sample Video Title 162,5986419,Channel 12,ch_12
vid_163,Sample Video Title 163,9063831,Channel 13,ch_13
vid_164,Sample Video Title 164,5933350,Channel 14,ch_14
vid_165,Sample Video Title 165,5047408,Channel 15,ch_15
vid_166,Sample Video Title 166,1879610,Channel 16,ch_16
vid_167,Sample Video Title 167,4954710,Channel 17,ch_17
vid_168,Sample Video Title 168,5763244,Channel 18,ch_18
vid_169,Sample Video Title 169,6229895,Channel 19,ch_19
vid_170,Sample Video Title 170,2194912,Channel 20,ch_20
vid_171,Sample Video Title 171,734203,Channel 21,ch_21
vid_172,Sample Video Title 172,9584094,Channel 22,ch_22
vid_173,Sample Video Title 173,4154548,Channel 23,ch_23
vid_174,Sample Video Title 174,8940732,Channel 24,ch_24
vid_175,Sample Video Title 175,4901602,Channel 25,ch_25
vid_176,Sample Video Title 176,3333708,Channel 26,ch_26
vid_177,Sample Video Title 177,5033649,Channel 27,ch_27
vid_178,Sample Video Title 178,6972959,Channel 28,ch_28
vid_179,Sample Video Title 179,6657565,Channel 29,ch_29
vid_180,Sample Video Title 180,4930575,Channel 30,ch_30
vid_181,Sample Video Title 181,8506543,Channel 31,ch_31
vid_182,Sample Video Title 182,9827075,Channel 32,ch_32
vid_183,Sample Video Title 183,1154380,Channel 33,ch_33
vid_184,Sample Video Title 184,2027244,Channel 34,ch_34
vid_185,Sample Video Title 185,5970518,Channel 35,ch_35
vid_186,Sample Video Title 186,6360809,Channel 36,ch_36
vid_187,Sample Video Title 187,6405044,Channel 37,ch_37
vid_188,Sample Video Title 188,1577295,Channel 38,ch_38
vid_189,Sample Video Title 189,6785354,Channel 39,ch_39
vid_190,Sample Video Title 190,3483756,Channel 40,ch_40
vid_191,Sample Video Title 191,7306561,Channel 41,ch_41
vid_192,Sample Video Title 192,262891,Channel 42,ch_42
vid_193,Sample Video Title 193,7778504,Channel 43,ch_43
vid_194,Sample Video Title 194,6118436,Channel 44,ch_44
vid_195,Sample Video Title 195,8257017,Channel 45,ch_45
vid_196,Sample Video Title 196,3812421,Channel 46,ch_46
vid_197,Sample Video Title 197,6250839,Channel 47,ch_47
vid_198,Sample Video Title 198,5124685,Channel 48,ch_48
vid_199,Sample Video Title 199,5212669,Channel 49,ch_49
vid_200,Sample Video Title 200,8853840,Channel 0,ch_0
vid_201,Sample Video Title 201,3206465,Channel 1,ch_1
vid_202,Sample Video Title 202,6972650,Channel 2,ch_2
vid_203,Sample Video Title 203,3882713,Channel 3,ch_3
vid_204,Sample Video Title 204,6776591,Channel 4,ch_4
vid_205,Sample Video Title 205,9433327,Channel 5,ch_5
vid_206,Sample Video Title 206,9132857,Channel 6,ch_6
vid_207,Sample Video Title 207,6543232,Channel 7,ch_7
vid_208,Sample Video Title 208,2535467,Channel 8,ch_8
vid_209,Sample Video Title 209,5144478,Channel 9,ch_9
vid_210,Sample Video Title 210,9425740,Channel 10,ch_10
vid_211,Sample Video Title 211,598835,Channel 11,ch_11
vid_212,Sample Video Title 212,1312726,Channel 12,ch_12
vid_213,Sample Video Title 213,3608991,Channel 13,ch_13
vid_214,Sample Video Title 214,7201828,Channel 14,ch_14
vid_215,Sample Video Title 215,9011601,Channel 15,ch_15
vid_216,Sample Video Title 216,3248727,Channel 16,ch_16
vid_217,Sample Video Title 217,2239476,Channel 17,ch_17
vid_218,Sample Video Title 218,2300462,Channel 18,ch_18
vid_219,Sample Video Title 219,1489748,Channel 19,ch_19
vid_220,Sample Video Title 220,5073862,Channel 20,ch_20
vid_221,Sample Video Title 221,6870216,Channel 21,ch_21
vid_222,Sample Video Title 222,1377819,Channel 22,ch_22
vid_223,Sample Video Title 223,6701901,Channel 23,ch_23
vid_224,Sample Video Title 224,6584481,Channel 24,ch_24
vid_225,Sample Video Title 225,7535838,Channel 25,ch_25
vid_226,Sample Video Title 226,3657802,Channel 26,ch_26
vid_227,Sample Video Title 227,3533528,Channel 27,ch_27
vid_228,Sample Video Title 228,8327337,Channel 28,ch_28
vid_229,Sample Video Title 229,3266481,Channel 29,ch_29
vid_230,Sample Video Title 230,6400576,Channel 30,ch_30
vid_231,Sample Video Title 231,7083623,Channel 31,ch_31
vid_232,Sample Video Title 232,4380580,Channel 32,ch_32
vid_233,Sample Video Title 233,516140,Channel 33,ch_33
vid_234,Sample Video Title 234,2057213,Channel 34,ch_34
vid_235,Sample Video Title 235,9856136,Channel 35,ch_35
vid_236,Sample Video Title 236,163385,Channel 36,ch_36
vid_237,Sample Video Title 237,7556179,Channel 37,ch_37
vid_238,Sample Video Title 238,3262836,Channel 38,ch_38
vid_239,Sample Video Title 239,564463,Channel 39,ch_39
vid_240,Sample Video Title 240,3967248,Channel 40,ch_40
vid_241,Sample Video Title 241,4641377,Channel 41,ch_41
vid_242,Sample Video Title 242,5182875,Channel 42,ch_42
vid_243,Sample Video Title 243,4004360,Channel 43,ch_43
vid_244,Sample Video Title 244,105327,Channel 44,ch_44
vid_245,Sample Video Title 245,9343657,Channel 45,ch_45
vid_246,Sample Video Title 246,7564180,Channel 46,ch_46
vid_247,Sample Video Title 247,8842789,Channel 47,ch_47
vid_248,Sample Video Title 248,5107054,Channel 48,ch_48
vid_249,Sample Video Title 249,5957308,Channel 49,ch_49
vid_250,Sample Video Title 250,3701455,Channel 0,ch_0
vid_251,Sample Video Title 251,9751845,Channel 1,ch_1
vid_252,Sample Video Title 252,7468974,Channel 2,ch_2
vid_253,Sample Video Title 253,5957539,Channel 3,ch_3
vid_254,Sample Video Title 254,8695794,Channel 4,ch_4
vid_255,Sample Video Title 255,5649642,Channel 5,ch_5
vid_256,Sample Video Title 256,6060250,Channel 6,ch_6
vid_257,Sample Video Title 257,2046847,Channel 7,ch_7
vid_258,Sample Video Title 258,9775476,Channel 8,ch_8
vid_259,Sample Video Title 259,7467046,Channel 9,ch_9
vid_260,Sample Video Title 260,5982046,Channel 10,ch_10
vid_261,Sample Video Title 261,4974014,Channel 11,ch_11
vid_262,Sample Video Title 262,1335360,Channel 12,ch_12
vid_263,Sample Video Title 263,3746737,Channel 13,ch_13
vid_264,Sample Video Title 264,2803093,Channel 14,ch_14
vid_265,Sample Video Title 265,7694697,Channel 15,ch_15
vid_266,Sample Video Title 266,761878,Channel 16,ch_16
vid_267,Sample Video Title 267,2498813,Channel 17,ch_17
vid_268,Sample Video Title 268,1838153,Channel 18,ch_18
vid_269,Sample Video Title 269,3776705,Channel 19,ch_19
vid_270,Sample Video Title 270,490595,Channel 20,ch_20
vid_271,Sample Video Title 271,3064512,Channel 21,ch_21
vid_272,Sample Video Title 272,1677352,Channel 22,ch_22
vid_273,Sample Video Title 273,5832428,Channel 23,ch_23
vid_274,Sample Video Title 274,2679264,Channel 24,ch_24
vid_275,Sample Video Title 275,3914606,Channel 25,ch_25
vid_276,Sample Video Title 276,2707994,Channel 26,ch_26
vid_277,Sample Video Title 277,3931670,Channel 27,ch_27
vid_278,Sample Video Title 278,5800190,Channel 28,ch_28
vid_279,Sample Video Title 279,4275079,Channel 29,ch_29
vid_280,Sample Video Title 280,5469480,Channel 30,ch_30
vid_281,Sample Video Title 281,2996490,Channel 31,ch_31
vid_282,Sample Video Title 282,8276645,Channel 32,ch_32
vid_283,Sample Video Title 283,5552046,Channel 33,ch_33
vid_284,Sample Video Title 284,435709,Channel 34,ch_34
vid_285,Sample Video Title 285,7511070,Channel 35,ch_35
vid_286,Sample Video Title 286,4754194,Channel 36,ch_36
vid_287,Sample Video Title 287,4220561,Channel 37,ch_37
vid_288,Sample Video Title 288,6754727,Channel 38,ch_38
vid_289,Sample Video Title 289,2083872,Channel 39,ch_39
vid_290,Sample Video Title 290,9381433,Channel 40,ch_40
vid_291,Sample Video Title 291,3696928,Channel 41,ch_41
vid_292,Sample Video Title 292,3931143,Channel 42,ch_42
vid_293,Sample Video Title 293,9260245,Channel 43,ch_43
vid_294,Sample Video Title 294,9430965,Channel 44,ch_44
vid_295,Sample Video Title 295,3580242,Channel 45,ch_45
vid_296,Sample Video Title 296,1646320,Channel 46,ch_46
vid_297,Sample Video Title 297,2121860,Channel 47,ch_47
vid_298,Sample Video Title 298,2673162,Channel 48,ch_48
vid_299,Sample Video Title 299,1770218,Channel 49,ch_49
vid_300,Sample Video Title 300,4476114,Channel 0,ch_0
vid_301,Sample Video Title 301,1578562,Channel 1,ch_1
vid_302,Sample Video Title 302,4842276,Channel 2,ch_2
vid_303,Sample Video Title 303,3709054,Channel 3,ch_3
vid_304,Sample Video Title 304,7024744,Channel 4,ch_4
vid_305,Sample Video Title 305,3607713,Channel 5,ch_5
vid_306,Sample Video Title 306,7485022,Channel 6,ch_6
vid_307,Sample Video Title 307,1076480,Channel 7,ch_7
vid_308,Sample Video Title 308,2247771,Channel 8,ch_8
vid_309,Sample Video Title 309,7799038,Channel 9,ch_9
vid_310,Sample Video Title 310,7102006,Channel 10,ch_10
vid_311,Sample Video Title 311,8673715,Channel 11,ch_11
vid_312,Sample Video Title 312,2462486,Channel 12,ch_12
vid_313,Sample Video Title 313,8202226,Channel 13,ch_13
vid_314,Sample Video Title 314,4890378,Channel 14,ch_14
vid_315,Sample Video Title 315,3815725,Channel 15,ch_15
vid_316,Sample Video Title 316,5448479,Channel 16,ch_16
vid_317,Sample Video Title 317,3514427,Channel 17,ch_17
vid_318,Sample Video Title 318,4183583,Channel 18,ch_18
vid_319,Sample Video Title 319,1631010,Channel 19,ch_19
vid_320,Sample Video Title 320,645520,Channel 20,ch_20
vid_321,Sample Video Title 321,6277829,Channel 21,ch_21
vid_322,Sample Video Title 322,7180247,Channel 22,ch_22
vid_323,Sample Video Title 323,6584365,Channel 23,ch_23
vid_324,Sample Video Title 324,1830706,Channel 24,ch_24
vid_325,Sample Video Title 325,1779453,Channel 25,ch_25
vid_326,Sample Video Title 326,6869866,Channel 26,ch_26
vid_327,Sample Video Title 327,7053181,Channel 27,ch_27
vid_328,Sample Video Title 328,132470,Channel 28,ch_28
vid_329,Sample Video Title 329,499732,Channel 29,ch_29
vid_330,Sample Video Title 330,1166985,Channel 30,ch_30
vid_331,Sample Video Title 331,8557046,Channel 31,ch_31
vid_332,Sample Video Title 332,8031565,Channel 32,ch_32
vid_333,Sample Video Title 333,3900792,Channel 33,ch_33
vid_334,Sample Video Title 334,5197847,Channel 34,ch_34
vid_335,Sample Video Title 335,2537471,Channel 35,ch_35
vid_336,Sample Video Title 336,1022608,Channel 36,ch_36
vid_337,Sample Video Title 337,5273859,Channel 37,ch_37
vid_338,Sample Video Title 338,9759173,Channel 38,ch_38
vid_339,Sample Video Title 339,7926339,Channel 39,ch_39
vid_340,Sample Video Title 340,4494048,Channel 40,ch_40
vid_341,Sample Video Title 341,3856914,Channel 41,ch_41
vid_342,Sample Video Title 342,3238666,Channel 42,ch_42
vid_343,Sample Video Title 343,1779442,Channel 43,ch_43
vid_344,Sample Video Title 344,2200057,Channel 44,ch_44
vid_345,Sample Video Title 345,4459186,Channel 45,ch_45
vid_346,Sample Video Title 346,1143097,Channel 46,ch_46
vid_347,Sample Video Title 347,8458588,Channel 47,ch_47
vid_348,Sample Video Title 348,5727889,Channel 48,ch_48
vid_349,Sample Video Title 349,9625339,Channel 49,ch_49
vid_350,Sample Video Title 350,8484960,Channel 0,ch_0
vid_351,Sample Video Title 351,8147735,Channel 1,ch_1
vid_352,Sample Video Title 352,5180111,Channel 2,ch_2
vid_353,Sample Video Title 353,6570377,Channel 3,ch_3
vid_354,Sample Video Title 354,1355928,Channel 4,ch_4
vid_355,Sample Video Title 355,7975206,Channel 5,ch_5
vid_356,Sample Video Title 356,3048176,Channel 6,ch_6
vid_357,Sample Video Title 357,2950375,Channel 7,ch_7
vid_358,Sample Video Title 358,1548458,Channel 8,ch_8
vid_359,Sample Video Title 359,7719970,Channel 9,ch_9
vid_360,Sample Video Title 360,1377095,Channel 10,ch_10
vid_361,Sample Video Title 361,1077147,Channel 11,ch_11
vid_362,Sample Video Title 362,7722791,Channel 12,ch_12
vid_363,Sample Video Title 363,5471222,Channel 13,ch_13
vid_364,Sample Video Title 364,3320942,Channel 14,ch_14
vid_365,Sample Video Title 365,1053669,Channel 15,ch_15
vid_366,Sample Video Title 366,9977343,Channel 16,ch_16
vid_367,Sample Video Title 367,9935761,Channel 17,ch_17
vid_368,Sample Video Title 368,7899052,Channel 18,ch_18
vid_369,Sample Video Title 369,8778907,Channel 19,ch_19
vid_370,Sample Video Title 370,6710760,Channel 20,ch_20
vid_371,Sample Video Title 371,5726968,Channel 21,ch_21
vid_372,Sample Video Title 372,3145597,Channel 22,ch_22
vid_373,Sample Video Title 373,1068995,Channel 23,ch_23
vid_374,Sample Video Title 374,5294760,Channel 24,ch_24
vid_375,Sample Video Title 375,1471411,Channel 25,ch_25
vid_376,Sample Video Title 376,9814440,Channel 26,ch_26
vid_377,Sample Video Title 377,5391208,Channel 27,ch_27
vid_378,Sample Video Title 378,2284153,Channel 28,ch_28
vid_379,Sample Video Title 379,7291741,Channel 29,ch_29
vid_380,Sample Video Title 380,8067323,Channel 30,ch_30
vid_381,Sample Video Title 381,2534510,Channel 31,ch_31
vid_382,Sample Video Title 382,1129649,Channel 32,ch_32
vid_383,Sample Video Title 383,2440502,Channel 33,ch_33
vid_384,Sample Video Title 384,817879,Channel 34,ch_34
vid_385,Sample Video Title 385,611213,Channel 35,ch_35
vid_386,Sample Video Title 386,5677959,Channel 36,ch_36
vid_387,Sample Video Title 387,3847709,Channel 37,ch_37
vid_388,Sample Video Title 388,8891092,Channel 38,ch_38
vid_389,Sample Video Title 389,4696440,Channel 39,ch_39
vid_390,Sample Video Title 390,2732891,Channel 40,ch_40
vid_391,Sample Video Title 391,7794090,Channel 41,ch_41
vid_392,Sample Video Title 392,7567446,Channel 42,ch_42
vid_393,Sample Video Title 393,5064267,Channel 43,ch_43
vid_394,Sample Video Title 394,829350,Channel 44,ch_44
vid_395,Sample Video Title 395,8211922,Channel 45,ch_45
vid_396,Sample Video Title 396,7169860,Channel 46,ch_46
vid_397,Sample Video Title 397,9429653,Channel 47,ch_47
vid_398,Sample Video Title 398,5730722,Channel 48,ch_48
vid_399,Sample Video Title 399,813005,Channel 49,ch_49
vid_400,Sample Video Title 400,2416695,Channel 0,ch_0
vid_401,Sample Video Title 401,1989598,Channel 1,ch_1
vid_402,Sample Video Title 402,5793704,Channel 2,ch_2
vid_403,Sample Video Title 403,5251658,Channel 3,ch_3
vid_404,Sample Video Title 404,1494886,Channel 4,ch_4
vid_405,Sample Video Title 405,2299102,Channel 5,ch_5
vid_406,Sample Video Title 406,7424966,Channel 6,ch_6
vid_407,Sample Video Title 407,1403871,Channel 7,ch_7
vid_408,Sample Video Title 408,4495576,Channel 8,ch_8
vid_409,Sample Video Title 409,6545614,Channel 9,ch_9
vid_410,Sample Video Title 410,8378241,Channel 10,ch_10
vid_411,Sample Video Title 411,5298914,Channel 11,ch_11
vid_412,Sample Video Title 412,9676254,Channel 12,ch_12
vid_413,Sample Video Title 413,5202337,Channel 13,ch_13
vid_414,Sample Video Title 414,3859317,Channel 14,ch_14
vid_415,Sample Video Title 415,188289,Channel 15,ch_15
vid_416,Sample Video Title 416,1310273,Channel 16,ch_16
vid_417,Sample Video Title 417,2794681,Channel 17,ch_17
vid_418,Sample Video Title 418,1697111,Channel 18,ch_18
vid_419,Sample Video Title 419,2730476,Channel 19,ch_19
vid_420,Sample Video Title 420,2866654,Channel 20,ch_20
vid_421,Sample Video Title 421,4589754,Channel 21,ch_21
vid_422,Sample Video Title 422,7846311,Channel 22,ch_22
vid_423,Sample Video Title 423,390582,Channel 23,ch_23
vid_424,Sample Video Title 424,8912845,Channel 24,ch_24
vid_425,Sample Video Title 425,4813685,Channel 25,ch_25
vid_426,Sample Video Title 426,8248014,Channel 26,ch_26
vid_427,Sample Video Title 427,8837007,Channel 27,ch_27
vid_428,Sample Video Title 428,1937379,Channel 28,ch_28
vid_429,Sample Video Title 429,5346792,Channel 29,ch_29
vid_430,Sample Video Title 430,5849003,Channel 30,ch_30
vid_431,Sample Video Title 431,9935334,Channel 31,ch_31
vid_432,Sample Video Title 432,2280342,Channel 32,ch_32
vid_433,Sample Video Title 433,4166186,Channel 33,ch_33
vid_434,Sample Video Title 434,8465297,Channel 34,ch_34
vid_435,Sample Video Title 435,1791070,Channel 35,ch_35
vid_436,Sample Video Title 436,1498410,Channel 36,ch_36
vid_437,Sample Video Title 437,6072983,Channel 37,ch_37
vid_438,Sample Video Title 438,5746162,Channel 38,ch_38
vid_439,Sample Video Title 439,9292835,Channel 39,ch_39
vid_440,Sample Video Title 440,622460,Channel 40,ch_40
vid_441,Sample Video Title 441,708037,Channel 41,ch_41
vid_442,Sample Video Title 442,1413347,Channel 42,ch_42
vid_443,Sample Video Title 443,2156985,Channel 43,ch_43
vid_444,Sample Video Title 444,2864835,Channel 44,ch_44
vid_445,Sample Video Title 445,5281565,Channel 45,ch_45
vid_446,Sample Video Title 446,3706309,Channel 46,ch_46
vid_447,Sample Video Title 447,4068802,Channel 47,ch_47
vid_448,Sample Video Title 448,5345225,Channel 48,ch_48
vid_449,Sample Video Title 449,834947,Channel 49,ch_49
vid_450,Sample Video Title 450,8975997,Channel 0,ch_0
vid_451,Sample Video Title 451,3165535,Channel 1,ch_1
vid_452,Sample Video Title 452,2662102,Channel 2,ch_2
vid_453,Sample Video Title 453,6264285,Channel 3,ch_3
vid_454,Sample Video Title 454,4226623,Channel 4,ch_4
vid_455,Sample Video Title 455,8766257,Channel 5,ch_5
vid_456,Sample Video Title 456,5612032,Channel 6,ch_6
vid_457,Sample Video Title 457,442381,Channel 7,ch_7
vid_458,Sample Video Title 458,6047870,Channel 8,ch_8
vid_459,Sample Video Title 459,766498,Channel 9,ch_9
vid_460,Sample Video Title 460,7373574,Channel 10,ch_10
vid_461,Sample Video Title 461,8329998,Channel 11,ch_11
vid_462,Sample Video Title 462,614717,Channel 12,ch_12
vid_463,Sample Video Title 463,9548378,Channel 13,ch_13
vid_464,Sample Video Title 464,7614005,Channel 14,ch_14
vid_465,Sample Video Title 465,9480072,Channel 15,ch_15
vid_466,Sample Video Title 466,5080419,Channel 16,ch_16
vid_467,Sample Video Title 467,5844927,Channel 17,ch_17
vid_468,Sample Video Title 468,437185,Channel 18,ch_18
vid_469,Sample Video Title 469,6256385,Channel 19,ch_19
vid_470,Sample Video Title 470,8340080,Channel 20,ch_20
vid_471,Sample Video Title 471,5618181,Channel 21,ch_21
vid_472,Sample Video Title 472,2593539,Channel 22,ch_22
vid_473,Sample Video Title 473,6174672,Channel 23,ch_23
vid_474,Sample Video Title 474,2831318,Channel 24,ch_24
vid_475,Sample Video Title 475,2323022,Channel 25,ch_25
vid_476,Sample Video Title 476,2016925,Channel 26,ch_26
vid_477,Sample Video Title 477,7980338,Channel 27,ch_27
vid_478,Sample Video Title 478,2837786,Channel 28,ch_28
vid_479,Sample Video Title 479,8383412,Channel 29,ch_29
vid_480,Sample Video Title 480,5761041,Channel 30,ch_30
vid_481,Sample Video Title 481,1167368,Channel 31,ch_31
vid_482,Sample Video Title 482,1197502,Channel 32,ch_32
vid_483,Sample Video Title 483,8217502,Channel 33,ch_33
vid_484,Sample Video Title 484,6065469,Channel 34,ch_34
vid_485,Sample Video Title 485,8046987,Channel 35,ch_35
vid_486,Sample Video Title 486,6209215,Channel 36,ch_36
vid_487,Sample Video Title 487,1806091,Channel 37,ch_37
vid_488,Sample Video Title 488,1529716,Channel 38,ch_38
vid_489,Sample Video Title 489,29124,Channel 39,ch_39
vid_490,Sample Video Title 490,995867,Channel 40,ch_40
vid_491,Sample Video Title 491,3833280,Channel 41,ch_41
vid_492,Sample Video Title 492,4639410,Channel 42,ch_42
vid_493,Sample Video Title 493,2417841,Channel 43,ch_43
vid_494,Sample Video Title 494,7796276,Channel 44,ch_44
vid_495,Sample Video Title 495,7198979,Channel 45,ch_45
vid_496,Sample Video Title 496,8747298,Channel 46,ch_46
vid_497,Sample Video Title 497,4161915,Channel 47,ch_47
vid_498,Sample Video Title 498,9677128,Channel 48,ch_48
vid_499,Sample Video Title 499,952373,Channel 49,ch_49
vid_500,Sample Video Title 500,5852982,Channel 0,ch_0
vid_501,Sample Video Title 501,3206218,Channel 1,ch_1
vid_502,Sample Video Title 502,3788260,Channel 2,ch_2
vid_503,Sample Video Title 503,999918,Channel 3,ch_3
vid_504,Sample Video Title 504,1828371,Channel 4,ch_4
vid_505,Sample Video Title 505,8086555,Channel 5,ch_5
vid_506,Sample Video Title 506,140812,Channel 6,ch_6
vid_507,Sample Video Title 507,7022373,Channel 7,ch_7
vid_508,Sample Video Title 508,7810783,Channel 8,ch_8
vid_509,Sample Video Title 509,8026778,Channel 9,ch_9
vid_510,Sample Video Title 510,8491854,Channel 10,ch_10
vid_511,Sample Video Title 511,8341298,Channel 11,ch_11
vid_512,Sample Video Title 512,2461590,Channel 12,ch_12
vid_513,Sample Video Title 513,3162819,Channel 13,ch_13
vid_514,Sample Video Title 514,1940384,Channel 14,ch_14
vid_515,Sample Video Title 515,3341424,Channel 15,ch_15
vid_516,Sample Video Title 516,7916121,Channel 16,ch_16
vid_517,Sample Video Title 517,2579943,Channel 17,ch_17
vid_518,Sample Video Title 518,3128014,Channel 18,ch_18
vid_519,Sample Video Title 519,2472729,Channel 19,ch_19
vid_520,Sample Video Title 520,1155937,Channel 20,ch_20
vid_521,Sample Video Title 521,415178,Channel 21,ch_21
vid_522,Sample Video Title 522,7375158,Channel 22,ch_22
vid_523,Sample Video Title 523,4507787,Channel 23,ch_23
vid_524,Sample Video Title 524,5417109,Channel 24,ch_24
vid_525,Sample Video Title 525,8441737,Channel 25,ch_25
vid_526,Sample Video Title 526,2097486,Channel 26,ch_26
vid_527,Sample Video Title 527,5145167,Channel 27,ch_27
vid_528,Sample Video Title 528,23639,Channel 28,ch_28
vid_529,Sample Video Title 529,7817935,Channel 29,ch_29
vid_530,Sample Video Title 530,6935540,Channel 30,ch_30
vid_531,Sample Video Title 531,3526323,Channel 31,ch_31
vid_532,Sample Video Title 532,8332218,Channel 32,ch_32
vid_533,Sample Video Title 533,1334698,Channel 33,ch_33
vid_534,Sample Video Title 534,6297221,Channel 34,ch_34
vid_535,Sample Video Title 535,7107792,Channel 35,ch_35
vid_536,Sample Video Title 536,7347352,Channel 36,ch_36
vid_537,Sample Video Title 537,7572160,Channel 37,ch_37
vid_538,Sample Video Title 538,9486341,Channel 38,ch_38
vid_539,Sample Video Title 539,5886480,Channel 39,ch_39
vid_540,Sample Video Title 540,8664348,Channel 40,ch_40
vid_541,Sample Video Title 541,6807348,Channel 41,ch_41
vid_542,Sample Video Title 542,9296828,Channel 42,ch_42
vid_543,Sample Video Title 543,3090529,Channel 43,ch_43
vid_544,Sample Video Title 544,9058513,Channel 44,ch_44
vid_545,Sample Video Title 545,4222210,Channel 45,ch_45
vid_546,Sample Video Title 546,6608782,Channel 46,ch_46
vid_547,Sample Video Title 547,5971537,Channel 47,ch_47
vid_548,Sample Video Title 548,9527153,Channel 48,ch_48
vid_549,Sample Video Title 549,5561080,Channel 49,ch_49
vid_550,Sample Video Title 550,1505907,Channel 0,ch_0
vid_551,Sample Video Title 551,2657351,Channel 1,ch_1
vid_552,Sample Video Title 552,5734219,Channel 2,ch_2
vid_553,Sample Video Title 553,6651117,Channel 3,ch_3
vid_554,Sample Video Title 554,845903,Channel 4,ch_4
vid_555,Sample Video Title 555,7060493,Channel 5,ch_5
vid_556,Sample Video Title 556,4181297,Channel 6,ch_6
vid_557,Sample Video Title 557,2960138,Channel 7,ch_7
vid_558,Sample Video Title 558,5224273,Channel 8,ch_8
vid_559,Sample Video Title 559,6994687,Channel 9,ch_9
vid_560,Sample Video Title 560,9390217,Channel 10,ch_10
vid_561,Sample Video Title 561,7448787,Channel 11,ch_11
vid_562,Sample Video Title 562,1713547,Channel 12,ch_12
vid_563,Sample Video Title 563,9865700,Channel 13,ch_13
vid_564,Sample Video Title 564,8845673,Channel 14,ch_14
vid_565,Sample Video Title 565,5294395,Channel 15,ch_15
vid_566,Sample Video Title 566,1321070,Channel 16,ch_16
vid_567,Sample Video Title 567,8395062,Channel 17,ch_17
vid_568,Sample Video Title 568,4773648,Channel 18,ch_18
vid_569,Sample Video Title 569,2353446,Channel 19,ch_19
vid_570,Sample Video Title 570,6391636,Channel 20,ch_20
vid_571,Sample Video Title 571,544777,Channel 21,ch_21
vid_572,Sample Video Title 572,7122555,Channel 22,ch_22
vid_573,Sample Video Title 573,1035231,Channel 23,ch_23
vid_574,Sample Video Title 574,7731781,Channel 24,ch_24
vid_575,Sample Video Title 575,4662233,Channel 25,ch_25
vid_576,Sample Video Title 576,1310929,Channel 26,ch_26
vid_577,Sample Video Title 577,5993910,Channel 27,ch_27
vid_578,Sample Video Title 578,6076356,Channel 28,ch_28
vid_579,Sample Video Title 579,1299000,Channel 29,ch_29
vid_580,Sample Video Title 580,6605401,Channel 30,ch_30
vid_581,Sample Video Title 581,6581934,Channel 31,ch_31
vid_582,Sample Video Title 582,4848437,Channel 32,ch_32
vid_583,Sample Video Title 583,6519547,Channel 33,ch_33
vid_584,Sample Video Title 584,3100820,Channel 34,ch_34
vid_585,Sample Video Title 585,8090346,Channel 35,ch_35
vid_586,Sample Video Title 586,9566381,Channel 36,ch_36
vid_587,Sample Video Title 587,1110041,Channel 37,ch_37
vid_588,Sample Video Title 588,9713236,Channel 38,ch_38
vid_589,Sample Video Title 589,2762356,Channel 39,ch_39
vid_590,Sample Video Title 590,6672347,Channel 40,ch_40
vid_591,Sample Video Title 591,9038961,Channel 41,ch_41
vid_592,Sample Video Title 592,3438207,Channel 42,ch_42
vid_593,Sample Video Title 593,9541924,Channel 43,ch_43
vid_594,Sample Video Title 594,5423796,Channel 44,ch_44
vid_595,Sample Video Title 595,2952203,Channel 45,ch_45
vid_596,Sample Video Title 596,2239098,Channel 46,ch_46
vid_597,Sample Video Title 597,1771548,Channel 47,ch_47
vid_598,Sample Video Title 598,4679983,Channel 48,ch_48
vid_599,Sample Video Title 599,2667096,Channel 49,ch_49
vid_600,Sample Video Title 600,7818806,Channel 0,ch_0
vid_601,Sample Video Title 601,9161228,Channel 1,ch_1
vid_602,Sample Video Title 602,7286693,Channel 2,ch_2
vid_603,Sample Video Title 603,5058912,Channel 3,ch_3
vid_604,Sample Video Title 604,5360393,Channel 4,ch_4
vid_605,Sample Video Title 605,3827168,Channel 5,ch_5
vid_606,Sample Video Title 606,9541571,Channel 6,ch_6
vid_607,Sample Video Title 607,2970535,Channel 7,ch_7
vid_608,Sample Video Title 608,6819926,Channel 8,ch_8
vid_609,Sample Video Title 609,806399,Channel 9,ch_9
vid_610,Sample Video Title 610,3754009,Channel 10,ch_10
vid_611,Sample Video Title 611,9547411,Channel 11,ch_11
vid_612,Sample Video Title 612,1713537,Channel 12,ch_12
vid_613,Sample Video Title 613,2739173,Channel 13,ch_13
vid_614,Sample Video Title 614,2889418,Channel 14,ch_14
vid_615,Sample Video Title 615,9958258,Channel 15,ch_15
vid_616,Sample Video Title 616,5757315,Channel 16,ch_16
vid_617,Sample Video Title 617,2035438,Channel 17,ch_17
vid_618,Sample Video Title 618,5973037,Channel 18,ch_18
vid_619,Sample Video Title 619,7345771,Channel 19,ch_19
vid_620,Sample Video Title 620,6565789,Channel 20,ch_20
vid_621,Sample Video Title 621,7260822,Channel 21,ch_21
vid_622,Sample Video Title 622,7551420,Channel 22,ch_22
vid_623,Sample Video Title 623,7212519,Channel 23,ch_23
vid_624,Sample Video Title 624,4270782,Channel 24,ch_24
vid_625,Sample Video Title 625,418429,Channel 25,ch_25
vid_626,Sample Video Title 626,4408048,Channel 26,ch_26
vid_627,Sample Video Title 627,4513670,Channel 27,ch_27
vid_628,Sample Video Title 628,4411317,Channel 28,ch_28
vid_629,Sample Video Title 629,5252507,Channel 29,ch_29
vid_630,Sample Video Title 630,5598196,Channel 30,ch_30
vid_631,Sample Video Title 631,6615727,Channel 31,ch_31
vid_632,Sample Video Title 632,3021451,Channel 32,ch_32
vid_633,Sample Video Title 633,7938638,Channel 33,ch_33
vid_634,Sample Video Title 634,5367957,Channel 34,ch_34
vid_635,Sample Video Title 635,5165680,Channel 35,ch_35
vid_636,Sample Video Title 636,194377,Channel 36,ch_36
vid_637,Sample Video Title 637,3503354,Channel 37,ch_37
vid_638,Sample Video Title 638,2698623,Channel 38,ch_38
vid_639,Sample Video Title 639,9464050,Channel 39,ch_39
vid_640,Sample Video Title 640,3383967,Channel 40,ch_40
vid_641,Sample Video Title 641,9661746,Channel 41,ch_41
vid_642,Sample Video Title 642,1066245,Channel 42,ch_42
vid_643,Sample Video Title 643,2331959,Channel 43,ch_43
vid_644,Sample Video Title 644,6092651,Channel 44,ch_44
vid_645,Sample Video Title 645,8386214,Channel 45,ch_45
vid_646,Sample Video Title 646,6901442,Channel 46,ch_46
vid_647,Sample Video Title 647,4895655,Channel 47,ch_47
vid_648,Sample Video Title 648,1254168,Channel 48,ch_48
vid_649,Sample Video Title 649,3894081,Channel 49,ch_49
vid_650,Sample Video Title 650,2241757,Channel 0,ch_0
vid_651,Sample Video Title 651,6144645,Channel 1,ch_1
vid_652,Sample Video Title 652,3927306,Channel 2,ch_2
vid_653,Sample Video Title 653,5463475,Channel 3,ch_3
vid_654,Sample Video Title 654,2489338,Channel 4,ch_4
vid_655,Sample Video Title 655,4682198,Channel 5,ch_5
vid_656,Sample Video Title 656,4826808,Channel 6,ch_6
vid_657,Sample Video Title 657,8843814,Channel 7,ch_7
vid_658,Sample Video Title 658,6774698,Channel 8,ch_8
vid_659,Sample Video Title 659,828156,Channel 9,ch_9
vid_660,Sample Video Title 660,3990940,Channel 10,ch_10
vid_661,Sample Video Title 661,3960643,Channel 11,ch_11
vid_662,Sample Video Title 662,7442300,Channel 12,ch_12
vid_663,Sample Video Title 663,7420700,Channel 13,ch_13
vid_664,Sample Video Title 664,619567,Channel 14,ch_14
vid_665,Sample Video Title 665,5750333,Channel 15,ch_15
vid_666,Sample Video Title 666,3259218,Channel 16,ch_16
vid_667,Sample Video Title 667,8792225,Channel 17,ch_17
vid_668,Sample Video Title 668,8261028,Channel 18,ch_18
vid_669,Sample Video Title 669,5778108,Channel 19,ch_19
vid_670,Sample Video Title 670,5053454,Channel 20,ch_20
vid_671,Sample Video Title 671,7995033,Channel 21,ch_21
vid_672,Sample Video Title 672,2095873,Channel 22,ch_22
vid_673,Sample Video Title 673,5723752,Channel 23,ch_23
vid_674,Sample Video Title 674,2426569,Channel 24,ch_24
vid_675,Sample Video Title 675,1162141,Channel 25,ch_25
vid_676,Sample Video Title 676,208563,Channel 26,ch_26
vid_677,Sample Video Title 677,7615468,Channel 27,ch_27
vid_678,Sample Video Title 678,371272,Channel 28,ch_28
vid_679,Sample Video Title 679,7157710,Channel 29,ch_29
vid_680,Sample Video Title 680,9440318,Channel 30,ch_30
vid_681,Sample Video Title 681,1301138,Channel 31,ch_31
vid_682,Sample Video Title 682,8959111,Channel 32,ch_32
vid_683,Sample Video Title 683,4437135,Channel 33,ch_33
vid_684,Sample Video Title 684,4022557,Channel 34,ch_34
vid_685,Sample Video Title 685,3666824,Channel 35,ch_35
vid_686,Sample Video Title 686,4486899,Channel 36,ch_36
vid_687,Sample Video Title 687,6335442,Channel 37,ch_37
vid_688,Sample Video Title 688,4639219,Channel 38,ch_38
vid_689,Sample Video Title 689,9882410,Channel 39,ch_39
vid_690,Sample Video Title 690,8188982,Channel 40,ch_40
vid_691,Sample Video Title 691,8458473,Channel 41,ch_41
vid_692,Sample Video Title 692,187918,Channel 42,ch_42
vid_693,Sample Video Title 693,8920811,Channel 43,ch_43
vid_694,Sample Video Title 694,3178824,Channel 44,ch_44
vid_695,Sample Video Title 695,4841613,Channel 45,ch_45
vid_696,Sample Video Title 696,5430835,Channel 46,ch_46
vid_697,Sample Video Title 697,4101003,Channel 47,ch_47
vid_698,Sample Video Title 698,8315789,Channel 48,ch_48
vid_699,Sample Video Title 699,3846637,Channel 49,ch_49
vid_700,Sample Video Title 700,8419552,Channel 0,ch_0
vid_701,Sample Video Title 701,9364286,Channel 1,ch_1
vid_702,Sample Video Title 702,5709785,Channel 2,ch_2
vid_703,Sample Video Title 703,1345801,Channel 3,ch_3
vid_704,Sample Video Title 704,2406709,Channel 4,ch_4
vid_705,Sample Video Title 705,5033090,Channel 5,ch_5
vid_706,Sample Video Title 706,8759303,Channel 6,ch_6
vid_707,Sample Video Title 707,6053429,Channel 7,ch_7
vid_708,Sample Video Title 708,562556,Channel 8,ch_8
vid_709,Sample Video Title 709,3116886,Channel 9,ch_9
vid_710,Sample Video Title 710,5954092,Channel 10,ch_10
vid_711,Sample Video Title 711,1987227,Channel 11,ch_11
vid_712,Sample Video Title 712,2598377,Channel 12,ch_12
vid_713,Sample Video Title 713,7864825,Channel 13,ch_13
vid_714,Sample Video Title 714,1983377,Channel 14,ch_14
vid_715,Sample Video Title 715,7103038,Channel 15,ch_15
vid_716,Sample Video Title 716,4312127,Channel 16,ch_16
vid_717,Sample Video Title 717,5871264,Channel 17,ch_17
vid_718,Sample Video Title 718,7808492,Channel 18,ch_18
vid_719,Sample Video Title 719,8516043,Channel 19,ch_19
vid_720,Sample Video Title 720,7459683,Channel 20,ch_20
vid_721,Sample Video Title 721,4335227,Channel 21,ch_21
vid_722,Sample Video Title 722,4310188,Channel 22,ch_22
vid_723,Sample Video Title 723,6584938,Channel 23,ch_23
vid_724,Sample Video Title 724,6979063,Channel 24,ch_24
vid_725,Sample Video Title 725,9543137,Channel 25,ch_25
vid_726,Sample Video Title 726,4622431,Channel 26,ch_26
vid_727,Sample Video Title 727,2731455,Channel 27,ch_27
vid_728,Sample Video Title 728,9459707,Channel 28,ch_28
vid_729,Sample Video Title 729,5147358,Channel 29,ch_29
vid_730,Sample Video Title 730,2683652,Channel 30,ch_30
vid_731,Sample Video Title 731,9488883,Channel 31,ch_31
vid_732,Sample Video Title 732,3234616,Channel 32,ch_32
vid_733,Sample Video Title 733,2122210,Channel 33,ch_33
vid_734,Sample Video Title 734,4416393,Channel 34,ch_34
vid_735,Sample Video Title 735,2252463,Channel 35,ch_35
vid_736,Sample Video Title 736,1854446,Channel 36,ch_36
vid_737,Sample Video Title 737,9435029,Channel 37,ch_37
vid_738,Sample Video Title 738,7224166,Channel 38,ch_38
vid_739,Sample Video Title 739,3545602,Channel 39,ch_39
vid_740,Sample Video Title 740,5237847,Channel 40,ch_40
vid_741,Sample Video Title 741,6593583,Channel 41,ch_41
vid_742,Sample Video Title 742,490486,Channel 42,ch_42
vid_743,Sample Video Title 743,7317969,Channel 43,ch_43
vid_744,Sample Video Title 744,360997,Channel 44,ch_44
vid_745,Sample Video Title 745,9471026,Channel 45,ch_45
vid_746,Sample Video Title 746,7485581,Channel 46,ch_46
vid_747,Sample Video Title 747,52948,Channel 47,ch_47
vid_748,Sample Video Title 748,2021195,Channel 48,ch_48
vid_749,Sample Video Title 749,6854083,Channel 49,ch_49
vid_750,Sample Video Title 750,2422048,Channel 0,ch_0
vid_751,Sample Video Title 751,7300735,Channel 1,ch_1
vid_752,Sample Video Title 752,4579438,Channel 2,ch_2
vid_753,Sample Video Title 753,4002378,Channel 3,ch_3
vid_754,Sample Video Title 754,6850800,Channel 4,ch_4
vid_755,Sample Video Title 755,5996305,Channel 5,ch_5
vid_756,Sample Video Title 756,9192769,Channel 6,ch_6
vid_757,Sample Video Title 757,4183046,Channel 7,ch_7
vid_758,Sample Video Title 758,3344542,Channel 8,ch_8
vid_759,Sample Video Title 759,371628,Channel 9,ch_9
vid_760,Sample Video Title 760,9612703,Channel 10,ch_10
vid_761,Sample Video Title 761,7351869,Channel 11,ch_11
vid_762,Sample Video Title 762,8877752,Channel 12,ch_12
vid_763,Sample Video Title 763,2308063,Channel 13,ch_13
vid_764,Sample Video Title 764,86834,Channel 14,ch_14
vid_765,Sample Video Title 765,9080996,Channel 15,ch_15
vid_766,Sample Video Title 766,5933398,Channel 16,ch_16
vid_767,Sample Video Title 767,9318150,Channel 17,ch_17
vid_768,Sample Video Title 768,2235455,Channel 18,ch_18
vid_769,Sample Video Title 769,1585067,Channel 19,ch_19
vid_770,Sample Video Title 770,3816712,Channel 20,ch_20
vid_771,Sample Video Title 771,3454011,Channel 21,ch_21
vid_772,Sample Video Title 772,5657799,Channel 22,ch_22
vid_773,Sample Video Title 773,2353892,Channel 23,ch_23
vid_774,Sample Video Title 774,9218195,Channel 24,ch_24
vid_775,Sample Video Title 775,2462354,Channel 25,ch_25
vid_776,Sample Video Title 776,3518835,Channel 26,ch_26
vid_777,Sample Video Title 777,7547433,Channel 27,ch_27
vid_778,Sample Video Title 778,459831,Channel 28,ch_28
vid_779,Sample Video Title 779,9689159,Channel 29,ch_29
vid_780,Sample Video Title 780,3219115,Channel 30,ch_30
vid_781,Sample Video Title 781,6240378,Channel 31,ch_31
vid_782,Sample Video Title 782,8068684,Channel 32,ch_32
vid_783,Sample Video Title 783,6080699,Channel 33,ch_33
vid_784,Sample Video Title 784,4253225,Channel 34,ch_34
vid_785,Sample Video Title 785,8985020,Channel 35,ch_35
vid_786,Sample Video Title 786,7216320,Channel 36,ch_36
vid_787,Sample Video Title 787,8879978,Channel 37,ch_37
vid_788,Sample Video Title 788,440842,Channel 38,ch_38
vid_789,Sample Video Title 789,4824044,Channel 39,ch_39
vid_790,Sample Video Title 790,2187159,Channel 40,ch_40
vid_791,Sample Video Title 791,625922,Channel 41,ch_41
vid_792,Sample Video Title 792,1458790,Channel 42,ch_42
vid_793,Sample Video Title 793,7784281,Channel 43,ch_43
vid_794,Sample Video Title 794,5054772,Channel 44,ch_44
vid_795,Sample Video Title 795,6951156,Channel 45,ch_45
vid_796,Sample Video Title 796,579658,Channel 46,ch_46
vid_797,Sample Video Title 797,6086305,Channel 47,ch_47
vid_798,Sample Video Title 798,1976586,Channel 48,ch_48
vid_799,Sample Video Title 799,6598823,Channel 49,ch_49
vid_800,Sample Video Title 800,4054644,Channel 0,ch_0
vid_801,Sample Video Title 801,6398750,Channel 1,ch_1
vid_802,Sample Video Title 802,7223237,Channel 2,ch_2
vid_803,Sample Video Title 803,5678100,Channel 3,ch_3
vid_804,Sample Video Title 804,3469756,Channel 4,ch_4
vid_805,Sample Video Title 805,4984923,Channel 5,ch_5
vid_806,Sample Video Title 806,5801771,Channel 6,ch_6
vid_807,Sample Video Title 807,3706296,Channel 7,ch_7
vid_808,Sample Video Title 808,1509677,Channel 8,ch_8
vid_809,Sample Video Title 809,8226250,Channel 9,ch_9
vid_810,Sample Video Title 810,3489391,Channel 10,ch_10
vid_811,Sample Video Title 811,7348834,Channel 11,ch_11
vid_812,Sample Video Title 812,6578853,Channel 12,ch_12
vid_813,Sample Video Title 813,7266560,Channel 13,ch_13
vid_814,Sample Video Title 814,8733643,Channel 14,ch_14
vid_815,Sample Video Title 815,1888427,Channel 15,ch_15
vid_816,Sample Video Title 816,8529611,Channel 16,ch_16
vid_817,Sample Video Title 817,2477992,Channel 17,ch_17
vid_818,Sample Video Title 818,5741070,Channel 18,ch_18
vid_819,Sample Video Title 819,1556794,Channel 19,ch_19
vid_820,Sample Video Title 820,6550483,Channel 20,ch_20
vid_821,Sample Video Title 821,7474592,Channel 21,ch_21
vid_822,Sample Video Title 822,9944523,Channel 22,ch_22
vid_823,Sample Video Title 823,5265526,Channel 23,ch_23
vid_824,Sample Video Title 824,1489773,Channel 24,ch_24
vid_825,Sample Video Title 825,7012306,Channel 25,ch_25
vid_826,Sample Video Title 826,6664313,Channel 26,ch_26
vid_827,Sample Video Title 827,3482189,Channel 27,ch_27
vid_828,Sample Video Title 828,8212893,Channel 28,ch_28
vid_829,Sample Video Title 829,8405545,Channel 29,ch_29
vid_830,Sample Video Title 830,1089744,Channel 30,ch_30
vid_831,Sample Video Title 831,9546494,Channel 31,ch_31
vid_832,Sample Video Title 832,7068381,Channel 32,ch_32
vid_833,Sample Video Title 833,7882232,Channel 33,ch_33
vid_834,Sample Video Title 834,9835214,Channel 34,ch_34
vid_835,Sample Video Title 835,5302745,Channel 35,ch_35
vid_836,Sample Video Title 836,9989600,Channel 36,ch_36
vid_837,Sample Video Title 837,3195907,Channel 37,ch_37
vid_838,Sample Video Title 838,4064906,Channel 38,ch_38
vid_839,Sample Video Title 839,4202728,Channel 39,ch_39
vid_840,Sample Video Title 840,5986376,Channel 40,ch_40
vid_841,Sample Video Title 841,604806,Channel 41,ch_41
vid_842,Sample Video Title 842,9848622,Channel 42,ch_42
vid_843,Sample Video Title 843,4143462,Channel 43,ch_43
vid_844,Sample Video Title 844,9370925,Channel 44,ch_44
vid_845,Sample Video Title 845,3574221,Channel 45,ch_45
vid_846,Sample Video Title 846,1697111,Channel 46,ch_46
vid_847,Sample Video Title 847,8365175,Channel 47,ch_47
vid_848,Sample Video Title 848,2550588,Channel 48,ch_48
vid_849,Sample Video Title 849,8574996,Channel 49,ch_49
vid_850,Sample Video Title 850,3500106,Channel 0,ch_0
vid_851,Sample Video Title 851,5934278,Channel 1,ch_1
vid_852,Sample Video Title 852,1329656,Channel 2,ch_2
vid_853,Sample Video Title 853,381019,Channel 3,ch_3
vid_854,Sample Video Title 854,4731319,Channel 4,ch_4
vid_855,Sample Video Title 855,3935011,Channel 5,ch_5
vid_856,Sample Video Title 856,1426608,Channel 6,ch_6
vid_857,Sample Video Title 857,1186983,Channel 7,ch_7
vid_858,Sample Video Title 858,7845585,Channel 8,ch_8
vid_859,Sample Video Title 859,2129618,Channel 9,ch_9
vid_860,Sample Video Title 860,4900764,Channel 10,ch_10
vid_861,Sample Video Title 861,7510405,Channel 11,ch_11
vid_862,Sample Video Title 862,7679507,Channel 12,ch_12
vid_863,Sample Video Title 863,2820990,Channel 13,ch_13
vid_864,Sample Video Title 864,418754,Channel 14,ch_14
vid_865,Sample Video Title 865,1072246,Channel 15,ch_15
vid_866,Sample Video Title 866,9693572,Channel 16,ch_16
vid_867,Sample Video Title 867,8208890,Channel 17,ch_17
vid_868,Sample Video Title 868,333028,Channel 18,ch_18
vid_869,Sample Video Title 869,294315,Channel 19,ch_19
vid_870,Sample Video Title 870,8250995,Channel 20,ch_20
vid_871,Sample Video Title 871,8618244,Channel 21,ch_21
vid_872,Sample Video Title 872,6406531,Channel 22,ch_22
vid_873,Sample Video Title 873,9844902,Channel 23,ch_23
vid_874,Sample Video Title 874,6547968,Channel 24,ch_24
vid_875,Sample Video Title 875,1388746,Channel 25,ch_25
vid_876,Sample Video Title 876,5431214,Channel 26,ch_26
vid_877,Sample Video Title 877,4569871,Channel 27,ch_27
vid_878,Sample Video Title 878,1423301,Channel 28,ch_28
vid_879,Sample Video Title 879,851795,Channel 29,ch_29
vid_880,Sample Video Title 880,6899330,Channel 30,ch_30
vid_881,Sample Video Title 881,7263217,Channel 31,ch_31
vid_882,Sample Video Title 882,5792894,Channel 32,ch_32
vid_883,Sample Video Title 883,6202188,Channel 33,ch_33
vid_884,Sample Video Title 884,769128,Channel 34,ch_34
vid_885,Sample Video Title 885,5360803,Channel 35,ch_35
vid_886,Sample Video Title 886,6856014,Channel 36,ch_36
vid_887,Sample Video Title 887,6266193,Channel 37,ch_37
vid_888,Sample Video Title 888,5339548,Channel 38,ch_38
vid_889,Sample Video Title 889,1768622,Channel 39,ch_39
vid_890,Sample Video Title 890,1536539,Channel 40,ch_40
vid_891,Sample Video Title 891,2493871,Channel 41,ch_41
vid_892,Sample Video Title 892,4839264,Channel 42,ch_42
vid_893,Sample Video Title 893,711733,Channel 43,ch_43
vid_894,Sample Video Title 894,3444648,Channel 44,ch_44
vid_895,Sample Video Title 895,9588681,Channel 45,ch_45
vid_896,Sample Video Title 896,6069879,Channel 46,ch_46
vid_897,Sample Video Title 897,6020427,Channel 47,ch_47
vid_898,Sample Video Title 898,8954233,Channel 48,ch_48
vid_899,Sample Video Title 899,6663234,Channel 49,ch_49
vid_900,Sample Video Title 900,1815527,Channel 0,ch_0
vid_901,Sample Video Title 901,5775983,Channel 1,ch_1
vid_902,Sample Video Title 902,3004832,Channel 2,ch_2
vid_903,Sample Video Title 903,7223678,Channel 3,ch_3
vid_904,Sample Video Title 904,7434218,Channel 4,ch_4
vid_905,Sample Video Title 905,7335399,Channel 5,ch_5
vid_906,Sample Video Title 906,2585516,Channel 6,ch_6
vid_907,Sample Video Title 907,5131067,Channel 7,ch_7
vid_908,Sample Video Title 908,5946550,Channel 8,ch_8
vid_909,Sample Video Title 909,2465651,Channel 9,ch_9
vid_910,Sample Video Title 910,3262185,Channel 10,ch_10
vid_911,Sample Video Title 911,1094076,Channel 11,ch_11
vid_912,Sample Video Title 912,3570355,Channel 12,ch_12
vid_913,Sample Video Title 913,2021772,Channel 13,ch_13
vid_914,Sample Video Title 914,2628797,Channel 14,ch_14
vid_915,Sample Video Title 915,9644323,Channel 15,ch_15
vid_916,Sample Video Title 916,4779677,Channel 16,ch_16
vid_917,Sample Video Title 917,8150855,Channel 17,ch_17
vid_918,Sample Video Title 918,9655020,Channel 18,ch_18
vid_919,Sample Video Title 919,9969021,Channel 19,ch_19
vid_920,Sample Video Title 920,3988632,Channel 20,ch_20
vid_921,Sample Video Title 921,6466330,Channel 21,ch_21
vid_922,Sample Video Title 922,1391618,Channel 22,ch_22
vid_923,Sample Video Title 923,2981550,Channel 23,ch_23
vid_924,Sample Video Title 924,2086473,Channel 24,ch_24
vid_925,Sample Video Title 925,7453513,Channel 25,ch_25
vid_926,Sample Video Title 926,5189292,Channel 26,ch_26
vid_927,Sample Video Title 927,8644962,Channel 27,ch_27
vid_928,Sample Video Title 928,1329451,Channel 28,ch_28
vid_929,Sample Video Title 929,5672913,Channel 29,ch_29
vid_930,Sample Video Title 930,6894681,Channel 30,ch_30
vid_931,Sample Video Title 931,7810327,Channel 31,ch_31
vid_932,Sample Video Title 932,6573269,Channel 32,ch_32
vid_933,Sample Video Title 933,426498,Channel 33,ch_33
vid_934,Sample Video Title 934,7579581,Channel 34,ch_34
vid_935,Sample Video Title 935,6715703,Channel 35,ch_35
vid_936,Sample Video Title 936,3498308,Channel 36,ch_36
vid_937,Sample Video Title 937,8130845,Channel 37,ch_37
vid_938,Sample Video Title 938,6449658,Channel 38,ch_38
vid_939,Sample Video Title 939,853857,Channel 39,ch_39
vid_940,Sample Video Title 940,1042417,Channel 40,ch_40
vid_941,Sample Video Title 941,2149364,Channel 41,ch_41
vid_942,Sample Video Title 942,9948040,Channel 42,ch_42
vid_943,Sample Video Title 943,5395745,Channel 43,ch_43
vid_944,Sample Video Title 944,945474,Channel 44,ch_44
vid_945,Sample Video Title 945,3980966,Channel 45,ch_45
vid_946,Sample Video Title 946,3535236,Channel 46,ch_46
vid_947,Sample Video Title 947,2064417,Channel 47,ch_47
vid_948,Sample Video Title 948,581579,Channel 48,ch_48
vid_949,Sample Video Title 949,8527012,Channel 49,ch_49
vid_950,Sample Video Title 950,8891780,Channel 0,ch_0
vid_951,Sample Video Title 951,3580276,Channel 1,ch_1
vid_952,Sample Video Title 952,9636614,Channel 2,ch_2
vid_953,Sample Video Title 953,4500156,Channel 3,ch_3
vid_954,Sample Video Title 954,2424924,Channel 4,ch_4
vid_955,Sample Video Title 955,3823563,Channel 5,ch_5
vid_956,Sample Video Title 956,1514498,Channel 6,ch_6
vid_957,Sample Video Title 957,1186133,Channel 7,ch_7
vid_958,Sample Video Title 958,5104780,Channel 8,ch_8
vid_959,Sample Video Title 959,4766740,Channel 9,ch_9
vid_960,Sample Video Title 960,933309,Channel 10,ch_10
vid_961,Sample Video Title 961,5703992,Channel 11,ch_11
vid_962,Sample Video Title 962,2497909,Channel 12,ch_12
vid_963,Sample Video Title 963,8488138,Channel 13,ch_13
vid_964,Sample Video Title 964,4793064,Channel 14,ch_14
vid_965,Sample Video Title 965,6084839,Channel 15,ch_15
vid_966,Sample Video Title 966,3747295,Channel 16,ch_16
vid_967,Sample Video Title 967,1577961,Channel 17,ch_17
vid_968,Sample Video Title 968,1940241,Channel 18,ch_18
vid_969,Sample Video Title 969,1564177,Channel 19,ch_19
vid_970,Sample Video Title 970,9039010,Channel 20,ch_20
vid_971,Sample Video Title 971,6261278,Channel 21,ch_21
vid_972,Sample Video Title 972,5084761,Channel 22,ch_22
vid_973,Sample Video Title 973,9725068,Channel 23,ch_23
vid_974,Sample Video Title 974,9897317,Channel 24,ch_24
vid_975,Sample Video Title 975,562464,Channel 25,ch_25
vid_976,Sample Video Title 976,1420632,Channel 26,ch_26
vid_977,Sample Video Title 977,2997348,Channel 27,ch_27
vid_978,Sample Video Title 978,2600083,Channel 28,ch_28
vid_979,Sample Video Title 979,8206011,Channel 29,ch_29
vid_980,Sample Video Title 980,7661170,Channel 30,ch_30
vid_981,Sample Video Title 981,8279053,Channel 31,ch_31
vid_982,Sample Video Title 982,7876848,Channel 32,ch_32
vid_983,Sample Video Title 983,3211479,Channel 33,ch_33
vid_984,Sample Video Title 984,6424152,Channel 34,ch_34
vid_985,Sample Video Title 985,3504291,Channel 35,ch_35
vid_986,Sample Video Title 986,8216595,Channel 36,ch_36
vid_987,Sample Video Title 987,7172564,Channel 37,ch_37
vid_988,Sample Video Title 988,8246392,Channel 38,ch_38
vid_989,Sample Video Title 989,7451295,Channel 39,ch_39
vid_990,Sample Video Title 990,9910356,Channel 40,ch_40
vid_991,Sample Video Title 991,7841278,Channel 41,ch_41
vid_992,Sample Video Title 992,9533901,Channel 42,ch_42
vid_993,Sample Video Title 993,3431630,Channel 43,ch_43
vid_994,Sample Video Title 994,3514598,Channel 44,ch_44
vid_995,Sample Video Title 995,1033546,Channel 45,ch_45
vid_996,Sample Video Title 996,3295534,Channel 46,ch_46
vid_997,Sample Video Title 997,6210617,Channel 47,ch_47
vid_998,Sample Video Title 998,6167039,Channel 48,ch_48
vid_999,Sample Video Title 999,1569625,Channel 49,ch_49
